id;nombre;descripcion;comentario
1;Philippine Peso Metal;../data/blob/hipster.txt;../data/blob/hipster.txt
2;Strategist;../data/blob/hipster.txt;../data/blob/hipster.txt
3;card Licensed Cotton Ball;../data/blob/hipster.txt;../data/blob/hipster.txt
4;mindshare Gorgeous;../data/blob/hipster.txt;../data/blob/hipster.txt
5;Chips;../data/blob/hipster.txt;../data/blob/hipster.txt
6;navigating;../data/blob/hipster.txt;../data/blob/hipster.txt
7;Som Rustic Frozen Keyboard ROI;../data/blob/hipster.txt;../data/blob/hipster.txt
8;Benin;../data/blob/hipster.txt;../data/blob/hipster.txt
9;Tuna Response invoice;../data/blob/hipster.txt;../data/blob/hipster.txt
10;alarm Jamaica;../data/blob/hipster.txt;../data/blob/hipster.txt
