id;nombre;descripcion;funciones
1;extend Unbranded Fresh Pants Tools;../data/blob/hipster.txt;../data/blob/hipster.txt
2;Practical North Dakota;../data/blob/hipster.txt;../data/blob/hipster.txt
3;implementation;../data/blob/hipster.txt;../data/blob/hipster.txt
4;Wallis and Futuna;../data/blob/hipster.txt;../data/blob/hipster.txt
5;generating;../data/blob/hipster.txt;../data/blob/hipster.txt
6;Computers Small Fresh Gloves back-end;../data/blob/hipster.txt;../data/blob/hipster.txt
7;interface;../data/blob/hipster.txt;../data/blob/hipster.txt
8;compress lavender Investment Account;../data/blob/hipster.txt;../data/blob/hipster.txt
9;backing up;../data/blob/hipster.txt;../data/blob/hipster.txt
10;Iran;../data/blob/hipster.txt;../data/blob/hipster.txt
